Time,com.sun.xml.ws.model.wsdl.WSDLFaultImpl Data
0,1670
1,167
2,3507
3,167
4,3507
5,167
6,3507
7,167
8,3507
9,167
10,3507
11,167
12,3507
13,167
14,3507
15,167
16,3507
17,167
18,3507
19,167
20,3507
21,167
22,3507
23,167
24,3507
25,167
26,3507
27,167
28,3507
29,167
30,3507
31,167
32,3507
33,167
34,3507
35,167
36,3507
37,167
38,3507
39,167
40,3507
41,167
42,3507
43,167
44,3507
45,167
46,3507
47,167
48,3507
49,167
50,3507
51,167
52,3507
53,167
54,3507
55,167
56,3507
57,167
58,3507
59,167
60,3507
61,167
62,3507
63,167
64,3507
65,167
66,3507
67,167
68,3507
69,167
70,3507
71,167
72,3507
73,167
74,3507
75,167
76,3507
77,167
78,3507
79,167
80,3507
81,167
82,3507
83,167
84,3507
85,167
86,3507
87,167
88,3507
89,167
90,3507
91,167
92,3507
93,167
94,3507
95,167
96,3507
97,167
98,3507
99,167
100,3507
101,167
102,3507
103,167
104,3507
105,167
106,3507
107,167
108,3507
109,167
110,3507
111,167
112,3507
113,167
114,3507
115,167
116,3507
117,167
118,3507
119,167
120,3507
121,167
122,3507
123,167
124,3507
125,167
126,3507
127,167
128,3507
129,167
130,3507
131,167
132,3507
133,167
134,3507
135,167
136,3507
137,167
138,3507
139,167
140,3507
141,167
142,3507
143,167
144,3507
145,167
146,3507
147,167
148,3507
149,167
150,3507
151,167
152,3507
153,167
154,3507
155,167
156,3507
157,167
158,3507
159,167
160,3507
161,167
162,3507
163,167
164,3507
165,167
166,3507
167,167
168,3507
169,167
170,3507
171,167
172,3507
173,167
174,3507
175,167
176,3507
177,167
178,3507
179,167
180,3507
181,167
182,3507
183,167
184,3507
185,167
186,3507
187,167
188,3507
189,167
190,3507
191,167
192,3507
193,167
194,3507
195,167
196,3507
197,167
198,3507
199,167
200,3507
201,167
202,3507
203,167
204,3507
205,167
206,3507
207,167
208,3507
209,167
210,3507
211,167
212,3507
213,167
214,3507
215,167
216,3507
217,167
218,3507
219,167
220,3507
221,167
222,3507
223,167
224,3507
225,167
226,3507
227,167
228,3507
229,167
230,3507
231,167
232,3507
233,167
234,3507
235,167
236,3507
237,167
238,3507
239,167
240,3507
241,167
242,3507
243,167
244,3507
245,167
246,3507
247,167
248,3507
249,167
250,3507
251,167
252,3507
253,167
254,3507
255,167
256,3507
257,167
258,3507
259,167
260,3507
261,167
262,3507
263,167
264,3507
265,167
266,3507
267,167
268,3507
269,167
270,3507
271,167
272,3507
273,167
274,3507
275,167
276,3507
277,167
278,3507
279,167
280,3507
281,167
282,3507
283,167
284,3507
285,167
286,3507
287,167
288,3507
289,167
290,3507
291,167
292,3507
293,167
294,3507
295,167
296,3507
297,167
298,3507
299,167
300,3507
301,167
302,3507
303,167
304,3507
305,167
306,3507
307,167
308,3507
309,167
310,3507
311,167
312,3507
313,167
314,3507
315,167
316,3507
317,167
318,3507
319,167
320,3507
321,167
322,3507
323,167
324,3507
325,167
326,3507
327,167
328,3507
329,167
330,3507
331,167
332,3507
333,167
334,3507
335,167
336,3507
337,167
338,3507
339,167
340,3507
341,167
342,3507
343,167
344,3507
345,167
346,3507
347,167
348,3507
349,167
350,3507
351,167
352,3507
353,167
354,3507
355,167
356,3507
357,167
358,3507
359,167
360,3507
361,167
362,3507
363,167
364,3507
365,167
366,3507
367,167
368,3507
369,167
370,3507
371,167
372,3507
373,167
374,3507
375,167
376,3507
377,167
378,3507
379,167
380,3507
381,167
382,3507
383,167
384,3507
385,167
386,3507
387,167
388,3507
389,167
390,3507
391,167
392,3507
393,167
394,3507
395,167
396,3507
397,167
398,3507
399,167
400,3507
401,167
402,3507
403,167
404,3507
405,167
406,3507
407,167
408,3507
409,167
410,3507
411,167
