Time,org.hibernate.loader.DefaultEntityAliases Data
0,1911
1,167
2,1962
3,167
4,1994
5,167
6,2034
7,167
8,2072
9,167
10,2104
11,167
12,2146
13,167
14,2183
15,167
16,2065
17,167
18,2107
19,167
20,2147
21,167
22,2179
23,167
24,2219
25,167
26,2259
27,167
28,2291
29,167
30,2331
31,167
32,2368
33,167
34,2403
35,167
36,2443
37,167
38,2483
39,167
40,2175
41,167
42,2217
43,167
44,2257
45,167
46,2289
47,167
48,2329
49,167
50,2369
51,167
52,2408
53,167
54,2439
55,167
56,2481
57,167
58,2511
59,167
60,2527
61,167
62,2569
63,167
64,2161
65,167
66,2201
67,167
68,2233
69,167
70,2273
71,167
72,2313
73,167
74,2350
75,167
76,2385
77,167
78,2425
79,167
80,2464
81,167
82,2497
83,167
84,2537
85,167
86,2574
87,167
88,2177
89,167
90,2215
91,167
92,2256
93,167
94,2289
95,167
96,2331
97,167
98,2367
99,167
100,2399
101,167
102,2441
103,167
104,2481
105,167
106,2513
107,167
108,2553
109,167
110,2595
111,167
112,2169
113,167
114,2209
115,167
116,2247
117,167
118,2279
119,167
120,2321
121,167
122,2359
123,167
124,2400
125,167
126,2433
127,167
128,2470
129,167
130,2505
131,167
132,2542
133,167
134,2575
135,167
136,2179
137,167
138,2214
139,167
140,2247
141,167
142,2289
143,167
144,2328
145,167
146,2361
147,167
148,2154
149,167
150,2184
151,167
152,2226
153,167
154,2266
155,167
156,2305
157,167
158,2340
159,167
160,2376
161,167
162,2416
163,167
164,2448
165,167
166,2490
167,167
168,2527
169,167
170,2562
171,167
172,2156
173,167
174,2193
175,167
176,2228
177,167
178,2268
179,167
180,2308
181,167
182,2340
183,167
184,2380
185,167
186,2420
187,167
188,2450
189,167
190,2490
191,167
192,2534
193,2571
194,2169
195,167
196,2209
197,167
198,2247
199,167
200,2279
201,167
202,2323
203,2360
204,167
205,2393
206,167
207,2433
208,167
209,2473
210,167
211,2505
212,167
213,2545
214,167
215,2585
216,167
217,2162
218,167
219,2202
220,167
221,2242
222,167
223,2274
224,167
225,2314
226,167
227,2354
228,167
229,2393
230,2426
231,167
232,2468
233,2498
234,167
235,2536
236,167
237,2580
238,2162
239,167
240,2202
241,167
242,2244
243,2281
244,167
245,2316
246,2354
247,167
248,2394
249,167
250,2426
251,167
252,2466
253,167
254,2508
255,2540
256,2578
257,167
258,2171
259,2206
260,167
261,2243
262,167
263,2281
264,167
265,2320
266,167
267,2355
268,2393
269,167
270,2432
271,2465
272,167
273,2507
274,167
275,2539
276,2577
277,167
278,2179
279,2207
280,167
281,2249
282,167
283,2291
284,2329
285,167
286,2361
287,167
288,2403
289,2441
290,167
291,2473
292,167
293,2515
294,2553
295,167
296,2585
297,167
298,2168
299,167
300,2210
301,167
302,2242
303,167
304,2284
305,167
306,2326
307,2352
308,167
309,2394
310,167
311,2436
312,167
313,2473
314,167
315,2508
316,2546
317,167
318,2583
319,167
320,2168
321,167
322,2210
323,167
324,2249
325,167
326,2282
327,167
328,2324
329,167
330,2363
331,2396
332,2434
333,167
334,2471
335,167
336,2506
337,167
338,2546
339,167
340,2586
341,167
342,2167
343,167
344,2209
345,167
346,2247
347,167
348,2281
349,167
350,2321
351,167
352,2363
353,167
354,2393
355,167
356,2435
357,167
358,2472
359,2507
360,167
361,2547
362,167
363,2587
364,2170
365,167
366,2210
367,167
368,2252
369,167
370,2282
371,167
372,2322
373,167
374,2362
375,167
376,2394
377,167
378,2434
379,167
380,2471
381,167
382,2506
383,167
384,2546
385,167
386,2580
