Time,org.springframework.core.convert.support.GenericConversionService$MatchableConverters Data
0,216
1,186
2,216
3,216
4,216
5,216
6,186
7,216
8,186
9,108
10,216
11,216
12,186
13,216
14,216
15,186
16,216
17,216
18,186
19,216
20,216
21,186
22,108
23,216
24,216
25,186
26,108
27,216
28,216
29,216
30,186
31,108
32,216
33,186
34,216
35,186
36,108
37,216
38,186
39,216
40,186
41,216
42,186
43,216
44,216
45,186
46,216
47,186
48,108
49,216
50,216
51,186
52,216
53,186
54,216
55,186
56,216
57,186
58,108
59,216
60,186
61,216
62,216
63,186
64,108
65,216
66,186
67,216
68,216
69,186
70,216
71,186
72,216
73,186
74,108
75,216
76,186
77,108
78,216
79,186
80,216
81,216
82,216
83,216
84,186
85,108
86,216
87,186
88,108
89,216
90,186
91,216
92,186
93,216
94,216
95,186
96,216
97,186
98,216
99,216
100,186
101,108
102,216
103,186
104,216
105,186
106,216
107,216
108,216
109,216
110,216
111,186
112,216
113,216
114,186
115,216
116,186
117,216
118,216
119,186
120,216
121,186
122,108
123,216
124,216
125,216
126,186
127,108
128,216
129,186
130,216
131,186
132,216
133,186
134,108
135,216
136,216
137,186
138,216
139,216
140,186
141,216
142,216
143,186
144,216
145,216
146,186
147,216
148,216
149,186
150,216
151,186
152,216
153,216
154,186
155,216
156,216
157,186
158,216
159,216
160,186
161,216
162,216
163,216
164,216
165,216
166,186
167,108
168,216
169,216
170,216
171,186
172,108
173,216
174,216
175,186
176,216
177,216
178,186
179,108
180,216
181,186
182,216
183,186
184,216
185,216
186,186
187,216
188,186
189,108
190,216
191,186
192,216
193,216
194,216
195,216
196,216
197,216
198,216
199,186
200,216
201,186
202,216
203,186
